fault_bus,search_status,cct_estimate_s,stable_lower_s,unstable_upper_s,interval_width_s,reason,original_day2_status,original_day2_reason,extension_trials,total_trial_count,cct_range_statement,failed_clearing_time_s,last_tested_upper_s,seed_revalidation_trials,extension_runtime_s,extension_action,day2_trial_count
10,RESOLVED,0.19140625,0.1875,0.1953125,0.0078125,VERIFIED_BRACKET_WITHIN_TOLERANCE,RESOLVED,VERIFIED_BRACKET_WITHIN_TOLERANCE,0,7,"[0.1875, 0.1953125] s",,,0,0.0,RETAINED_DAY2,7
16,RESOLVED,0.19140625,0.1875,0.1953125,0.0078125,VERIFIED_BRACKET_WITHIN_TOLERANCE,RESOLVED,VERIFIED_BRACKET_WITHIN_TOLERANCE,0,7,"[0.1875, 0.1953125] s",,,0,0.0,RETAINED_DAY2,7
4,RESOLVED,0.23828125,0.234375,0.2421875,0.0078125,VERIFIED_BRACKET_WITHIN_TOLERANCE,UNRESOLVED,NO_UNSTABLE_ENDPOINT_IN_RANGE,5,7,"[0.234375, 0.2421875] s",,0.25,1,12.014105500000369,BOUNDED_EXTENSION,2
14,RESOLVED,0.23828125,0.234375,0.2421875,0.0078125,VERIFIED_BRACKET_WITHIN_TOLERANCE,UNRESOLVED,NO_UNSTABLE_ENDPOINT_IN_RANGE,5,7,"[0.234375, 0.2421875] s",,0.25,1,11.909187799999927,BOUNDED_EXTENSION,2
8,RESOLVED,0.25390625,0.25,0.2578125,0.0078125,VERIFIED_BRACKET_WITHIN_TOLERANCE,UNRESOLVED,NO_UNSTABLE_ENDPOINT_IN_RANGE,6,8,"[0.25, 0.2578125] s",,0.3125,1,10.688478999999461,BOUNDED_EXTENSION,2
23,RESOLVED,0.25390625,0.25,0.2578125,0.0078125,VERIFIED_BRACKET_WITHIN_TOLERANCE,UNRESOLVED,NO_UNSTABLE_ENDPOINT_IN_RANGE,6,8,"[0.25, 0.2578125] s",,0.3125,1,10.946028499999557,BOUNDED_EXTENSION,2
21,RESOLVED,0.30078125,0.296875,0.3046875,0.0078125,VERIFIED_BRACKET_WITHIN_TOLERANCE,UNRESOLVED,NO_UNSTABLE_ENDPOINT_IN_RANGE,6,8,"[0.296875, 0.3046875] s",,0.3125,1,15.822068200000103,BOUNDED_EXTENSION,2
17,RESOLVED,0.30859375,0.3046875,0.3125,0.0078125,VERIFIED_BRACKET_WITHIN_TOLERANCE,UNRESOLVED,NO_UNSTABLE_ENDPOINT_IN_RANGE,6,8,"[0.3046875, 0.3125] s",,0.3125,1,19.130467700000736,BOUNDED_EXTENSION,2
29,RESOLVED,0.32421875,0.3203125,0.328125,0.0078125,VERIFIED_BRACKET_WITHIN_TOLERANCE,UNRESOLVED,NO_UNSTABLE_ENDPOINT_IN_RANGE,7,9,"[0.3203125, 0.328125] s",,0.375,1,16.688276300000325,BOUNDED_EXTENSION,2
3,RESOLVED,0.33203125,0.328125,0.3359375,0.0078125,VERIFIED_BRACKET_WITHIN_TOLERANCE,UNRESOLVED,NO_UNSTABLE_ENDPOINT_IN_RANGE,7,9,"[0.328125, 0.3359375] s",,0.375,1,16.277829900000143,BOUNDED_EXTENSION,2
25,RESOLVED,0.41015625,0.40625,0.4140625,0.0078125,VERIFIED_BRACKET_WITHIN_TOLERANCE,UNRESOLVED,NO_UNSTABLE_ENDPOINT_IN_RANGE,9,11,"[0.40625, 0.4140625] s",,0.5,1,20.495711999999912,BOUNDED_EXTENSION,2
37,RESOLVED,0.41796875,0.4140625,0.421875,0.0078125,VERIFIED_BRACKET_WITHIN_TOLERANCE,UNRESOLVED,NO_UNSTABLE_ENDPOINT_IN_RANGE,9,11,"[0.4140625, 0.421875] s",,0.5,1,23.267405800000233,BOUNDED_EXTENSION,2
26,RESOLVED,0.46484375,0.4609375,0.46875,0.0078125,VERIFIED_BRACKET_WITHIN_TOLERANCE,UNRESOLVED,NO_UNSTABLE_ENDPOINT_IN_RANGE,9,11,"[0.4609375, 0.46875] s",,0.5,1,25.216021499999442,BOUNDED_EXTENSION,2
1,UNRESOLVED,,0.5,,,NO_UNSTABLE_ENDPOINT_WITHIN_0P5S,UNRESOLVED,NO_UNSTABLE_ENDPOINT_IN_RANGE,5,7,">0.5 s within the tested range (180-degree criterion, 8 s horizon)",,0.5,1,17.025212499999725,BOUNDED_EXTENSION,2
6,UNRESOLVED,,0.109375,0.1953125,0.0859375,NON_CONVERGENT_MIDPOINT,UNRESOLVED,NON_CONVERGENT_MIDPOINT,0,4,UNRESOLVED due to numerical/quality/execution failure at 0.1484375 s,0.1484375,,0,0.0,RETAINED_DAY2,4
