scenario_id,renewable_buses,renewable_share_pct,removed_M_fraction_pct,model_sha256,fault_bus,reference_stability_status,reference_simulation_status,max_angle_separation_deg,max_speed_deviation_pu,min_bus_voltage_pu,fault_bus_voltage_min_pu,postfault_min_bus_voltage_pu,max_abs_pll_frequency_deviation_hz,search_status,cct_estimate_s,stable_lower_s,unstable_upper_s,interval_width_s,cct_reason,trial_count,reference_runtime_s,cct_runtime_s,metrics_clear_duration_s,failed_clearing_time_s,cct_range_statement,reference_reason,reference_tail_invalid
S0,,0.0,0.0,f1a4e0b7a89c87aa5811d36b91aa054ab4638440c8cc3021b085e18ee6539374,10,STABLE,COMPLETED,111.11662999846422,0.012665363959107667,0.005218114141579762,0.005218114141579762,0.33713807816433095,,RESOLVED,0.20703125,0.203125,0.2109375,0.0078125,VERIFIED_BRACKET_WITHIN_TOLERANCE,6,4.51564210000106,12.794789900000978,0.125,,"[0.203125, 0.2109375] s",COMPLETED_WITHOUT_ANGLE_THRESHOLD,False
S0,,0.0,0.0,f1a4e0b7a89c87aa5811d36b91aa054ab4638440c8cc3021b085e18ee6539374,16,STABLE,COMPLETED,118.08523511105611,0.01183075628637198,0.007475552648123027,0.007475552648123027,0.545439896211767,,RESOLVED,0.19140625,0.1875,0.1953125,0.0078125,VERIFIED_BRACKET_WITHIN_TOLERANCE,7,3.3140402999997605,21.967628099999274,0.125,,"[0.1875, 0.1953125] s",COMPLETED_WITHOUT_ANGLE_THRESHOLD,False
S0,,0.0,0.0,f1a4e0b7a89c87aa5811d36b91aa054ab4638440c8cc3021b085e18ee6539374,23,STABLE,COMPLETED,99.79595587328146,0.011747842480003268,0.005057498337510787,0.005057498337510787,0.4829915182735713,,RESOLVED,0.26953125,0.265625,0.2734375,0.0078125,VERIFIED_BRACKET_WITHIN_TOLERANCE,7,3.3042031999993924,17.59894770000028,0.125,,"[0.265625, 0.2734375] s",COMPLETED_WITHOUT_ANGLE_THRESHOLD,False
S0,,0.0,0.0,f1a4e0b7a89c87aa5811d36b91aa054ab4638440c8cc3021b085e18ee6539374,25,STABLE,COMPLETED,100.1982969207189,0.0126588296272101,0.005939552194705543,0.005939552194705543,0.3913533048327373,,RESOLVED,0.22265625,0.21875,0.2265625,0.0078125,VERIFIED_BRACKET_WITHIN_TOLERANCE,6,3.3792099000002054,13.156482800000958,0.125,,"[0.21875, 0.2265625] s",COMPLETED_WITHOUT_ANGLE_THRESHOLD,False
S0,,0.0,0.0,f1a4e0b7a89c87aa5811d36b91aa054ab4638440c8cc3021b085e18ee6539374,37,STABLE,COMPLETED,96.69935369864193,0.01198664885688272,0.0035764813273050553,0.0035764813273050553,0.1992930889959198,,RESOLVED,0.22265625,0.21875,0.2265625,0.0078125,VERIFIED_BRACKET_WITHIN_TOLERANCE,6,3.0705787999995664,12.810803899999883,0.125,,"[0.21875, 0.2265625] s",COMPLETED_WITHOUT_ANGLE_THRESHOLD,False
S1,37,8.844993823786124,2.599538887843047,97bd9447536889f1a3d61e4956acbec812df8cb031652224610eb1e6f4dab5e4,10,STABLE,COMPLETED,110.86878059853929,0.01267025851901371,0.005221687737343742,0.005221687737343742,0.33787344572881306,0.39458233744677784,RESOLVED,0.20703125,0.203125,0.2109375,0.0078125,VERIFIED_BRACKET_WITHIN_TOLERANCE,6,6.1522869000000355,22.50442739999926,0.125,,"[0.203125, 0.2109375] s",COMPLETED_WITHOUT_ANGLE_THRESHOLD,False
S1,37,8.844993823786124,2.599538887843047,97bd9447536889f1a3d61e4956acbec812df8cb031652224610eb1e6f4dab5e4,16,STABLE,COMPLETED,117.10802796661596,0.011839856933241633,0.007488409251500847,0.007488409251500847,0.5455570363021943,0.7508093873720014,UNRESOLVED,,0.1953125,,,NON_CONVERGENT_BRACKET_DISCOVERY,3,6.050541599999633,15.053917299999739,0.125,0.25,UNRESOLVED: NON_CONVERGENT_BRACKET_DISCOVERY; failure=0.25 s,COMPLETED_WITHOUT_ANGLE_THRESHOLD,False
S1,37,8.844993823786124,2.599538887843047,97bd9447536889f1a3d61e4956acbec812df8cb031652224610eb1e6f4dab5e4,23,STABLE,COMPLETED,99.72427524688149,0.011753667517546251,0.005066850796359692,0.005066850796359692,0.4832867021350035,0.2944322309830767,RESOLVED,0.26953125,0.265625,0.2734375,0.0078125,VERIFIED_BRACKET_WITHIN_TOLERANCE,7,6.026520500001425,30.53365920000033,0.125,,"[0.265625, 0.2734375] s",COMPLETED_WITHOUT_ANGLE_THRESHOLD,False
S1,37,8.844993823786124,2.599538887843047,97bd9447536889f1a3d61e4956acbec812df8cb031652224610eb1e6f4dab5e4,25,NON_CONVERGENT,NUMERICAL_FAILURE,69.15934345931825,0.004059374961573381,0.00595085618973402,0.00595085618973402,,0.12660346279229628,UNRESOLVED,,,,,NON_CONVERGENT_OR_INVALID_REFERENCE,0,3.2868478000000323,0.0,0.125,0.125,UNRESOLVED due to failure in 125 ms reference,NUMERIC_FAILURE_OR_INCOMPLETE_VALID_OBSERVATION,True
S1,37,8.844993823786124,2.599538887843047,97bd9447536889f1a3d61e4956acbec812df8cb031652224610eb1e6f4dab5e4,37,STABLE,COMPLETED,73.67774583149028,0.0020687007098636467,0.0026440667677789034,0.0026440667677789034,0.8666668050519742,1.649017052902657,UNRESOLVED,,0.5,,,NO_UNSTABLE_ENDPOINT_WITHIN_0P5S,6,5.283643199998551,34.191017200000715,0.125,,CCT > 500 ms within tested range,COMPLETED_WITHOUT_ANGLE_THRESHOLD,False
S2,"37,38",22.440076923308894,9.005963879977728,595cd3a01a05c110fe681e00a4896422a44cb60777e2c008cb22f116ed7764f9,10,STABLE,COMPLETED,111.48966088334436,0.012700301856275242,0.005208900928340139,0.005208900928340139,0.3393597897091462,1.1305862968290015,RESOLVED,0.21484375,0.2109375,0.21875,0.0078125,VERIFIED_BRACKET_WITHIN_TOLERANCE,6,5.973418699999456,28.012374500000078,0.125,,"[0.2109375, 0.21875] s",COMPLETED_WITHOUT_ANGLE_THRESHOLD,False
S2,"37,38",22.440076923308894,9.005963879977728,595cd3a01a05c110fe681e00a4896422a44cb60777e2c008cb22f116ed7764f9,16,NON_CONVERGENT,NUMERICAL_FAILURE,75.64877711032076,0.011754881673145201,0.0068039199749252615,0.0068039199749252615,,3.086920786221306,UNRESOLVED,,,,,NON_CONVERGENT_OR_INVALID_REFERENCE,0,3.9383718999997654,0.0,0.125,0.125,UNRESOLVED due to failure in 125 ms reference,NUMERIC_FAILURE_OR_INCOMPLETE_VALID_OBSERVATION,True
S2,"37,38",22.440076923308894,9.005963879977728,595cd3a01a05c110fe681e00a4896422a44cb60777e2c008cb22f116ed7764f9,23,STABLE,COMPLETED,101.19441705937446,0.01179677843061655,0.0050861654954224575,0.0050861654954224575,0.48423965874525,1.1121002580652615,RESOLVED,0.27734375,0.2734375,0.28125,0.0078125,VERIFIED_BRACKET_WITHIN_TOLERANCE,7,6.086588800000754,34.856597500000134,0.125,,"[0.2734375, 0.28125] s",COMPLETED_WITHOUT_ANGLE_THRESHOLD,False
S2,"37,38",22.440076923308894,9.005963879977728,595cd3a01a05c110fe681e00a4896422a44cb60777e2c008cb22f116ed7764f9,25,NON_CONVERGENT,NUMERICAL_FAILURE,66.04764570812888,0.0,0.9454350079532078,1.0284216795254053,,0.0,UNRESOLVED,,,,,NON_CONVERGENT_OR_INVALID_REFERENCE,0,2.4278888999997434,0.0,0.125,0.125,UNRESOLVED due to failure in 125 ms reference,NUMERIC_FAILURE_OR_INCOMPLETE_VALID_OBSERVATION,True
S2,"37,38",22.440076923308894,9.005963879977728,595cd3a01a05c110fe681e00a4896422a44cb60777e2c008cb22f116ed7764f9,37,STABLE,COMPLETED,75.10760091400896,0.002430390221225709,0.0025549523323575704,0.0025549523323575704,0.8556188530544269,2.643467905876534,UNRESOLVED,,0.5,,,NO_UNSTABLE_ENDPOINT_WITHIN_0P5S,6,5.46684119999918,34.081793400000606,0.125,,CCT > 500 ms within tested range,COMPLETED_WITHOUT_ANGLE_THRESHOLD,False
S3,"37,38,32",33.086828748236805,12.336390356734029,6251363814e114373511fb0c6f258aacd6f9a9289e9e666f5c1e5fa7ab669ef7,10,STABLE,COMPLETED,87.33786029173864,0.007540830442182678,-2.8301692238300152e-11,0.004018677018593824,0.8069620551099544,1.4063829058043709,UNRESOLVED,,0.1484375,0.1953125,0.046875,NON_CONVERGENT_MIDPOINT,5,5.774471900000208,21.536350200000015,0.125,0.171875,UNRESOLVED: NON_CONVERGENT_MIDPOINT; failure=0.171875 s,COMPLETED_WITHOUT_ANGLE_THRESHOLD,False
S3,"37,38,32",33.086828748236805,12.336390356734029,6251363814e114373511fb0c6f258aacd6f9a9289e9e666f5c1e5fa7ab669ef7,16,NON_CONVERGENT,NUMERICAL_FAILURE,66.04764570812888,0.0,0.9454350079532078,0.9902018659298945,,0.0,UNRESOLVED,,,,,NON_CONVERGENT_OR_INVALID_REFERENCE,0,3.412505800000872,0.0,0.125,0.125,UNRESOLVED due to failure in 125 ms reference,NUMERIC_FAILURE_OR_INCOMPLETE_VALID_OBSERVATION,True
S3,"37,38,32",33.086828748236805,12.336390356734029,6251363814e114373511fb0c6f258aacd6f9a9289e9e666f5c1e5fa7ab669ef7,23,STABLE,COMPLETED,102.20474475748436,0.011835318011487184,0.0050950005523479475,0.0050950005523479475,0.48500614501588896,1.215185537534623,RESOLVED,0.27734375,0.2734375,0.28125,0.0078125,VERIFIED_BRACKET_WITHIN_TOLERANCE,7,5.966654500000004,35.31132040000011,0.125,,"[0.2734375, 0.28125] s",COMPLETED_WITHOUT_ANGLE_THRESHOLD,False
S3,"37,38,32",33.086828748236805,12.336390356734029,6251363814e114373511fb0c6f258aacd6f9a9289e9e666f5c1e5fa7ab669ef7,25,NON_CONVERGENT,NUMERICAL_FAILURE,70.05181316224883,0.0046077731866727145,2.8044438564989875e-15,0.0038969794906624643,,0.5761188675274411,UNRESOLVED,,,,,NON_CONVERGENT_OR_INVALID_REFERENCE,0,2.737809100000959,0.0,0.125,0.125,UNRESOLVED due to failure in 125 ms reference,NUMERIC_FAILURE_OR_INCOMPLETE_VALID_OBSERVATION,True
S3,"37,38,32",33.086828748236805,12.336390356734029,6251363814e114373511fb0c6f258aacd6f9a9289e9e666f5c1e5fa7ab669ef7,37,STABLE,COMPLETED,75.62655353540696,0.002713382979556256,0.002540818959360826,0.002540818959360826,0.8539371278912468,2.707796057451425,UNRESOLVED,,0.5,,,NO_UNSTABLE_ENDPOINT_WITHIN_0P5S,6,5.490131099999417,33.493631400000595,0.125,,CCT > 500 ms within tested range,COMPLETED_WITHOUT_ANGLE_THRESHOLD,False
