generator_id,bus,static_gen_id,P0_MW,Q0_Mvar,Sn_MVA,M,M_machine_2H_s,H_s,is_slack,replacement_allowed,fixed_S1_bus37
GENROU_1,30,1,250.000000000072,160.54522654295928,1040.0,87.36000000000001,8.400000000000002,4.200000000000001,False,True,False
GENROU_2,31,2,485.1484122895675,117.90330694053004,836.0,50.66159999999999,6.059999999999999,3.0299999999999994,True,False,False
GENROU_3,32,3,650.000000000004,126.52188327285987,843.7,60.40892000000001,7.16,3.58,False,True,False
GENROU_4,33,4,631.999999999992,44.069571160502974,1174.8,67.19855999999999,5.719999999999999,2.8599999999999994,False,True,False
GENROU_5,34,5,508.00000000000097,135.25936280325334,1080.2,56.1704,5.2,2.6,False,True,False
GENROU_6,35,6,650.000000000059,224.96265730949796,1085.7,75.56472000000001,6.96,3.48,False,True,False
GENROU_7,36,7,559.999999999979,196.80425502838497,1025.2,54.13056,5.28,2.64,False,True,False
GENROU_8,37,8,539.999999999995,15.347102038034095,970.2,47.151720000000005,4.86,2.43,False,True,True
GENROU_9,38,9,829.9999999999709,46.738995919499324,1684.1,116.20289999999999,6.8999999999999995,3.4499999999999997,False,True,False
GENROU_10,39,10,999.9999999999961,225.92822948724356,1199.0,1199.0,100.0,50.0,False,True,False
